Workbook

Sheet Inputs
A1: Bloomberg vol data pull
A3: Start date | B3: 42005 | H3: How to use
A4: End date (blank = today) | H4: 1. Type tickers in column A (yellow). Change the yellow key in column B if not a US stock/ETF.
H5: 2. Set the start date (B3) and optional end date (B4).
A6: Fields | B6: PX_LAST | C6: VOLATILITY_30D | D6: 30DAY_IMPVOL_100.0%MNY_DF | E6: 3MTH_IMPVOL_100.0%MNY_DF | F6: 1M_PUT_IMP_VOL_25DELTA_DFLT | H6: 3. Bloomberg tab > Refresh Workbook. Each ticker fills its own block on the Data tab.
H7: 4. Blue text on yellow = inputs you edit. Green = links. Fields can be swapped in row 6 (check FLDS <GO>).
H8: Rows 11-13 are example tickers; overwrite or clear them.
A10: Ticker | B10: Yellow key | C10: Bloomberg security | D10: Data tab column
A11: GLD | B11: US Equity | C11: =IF(A11="","",A11&" "&B11) | D11: A
A12: SNDK | B12: US Equity | C12: =IF(A12="","",A12&" "&B12) | D12: H
A13: SPY | B13: US Equity | C13: =IF(A13="","",A13&" "&B13) | D13: O
B14: US Equity | C14: =IF(A14="","",A14&" "&B14) | D14: V
B15: US Equity | C15: =IF(A15="","",A15&" "&B15) | D15: AC
B16: US Equity | C16: =IF(A16="","",A16&" "&B16) | D16: AJ
B17: US Equity | C17: =IF(A17="","",A17&" "&B17) | D17: AQ
B18: US Equity | C18: =IF(A18="","",A18&" "&B18) | D18: AX
B19: US Equity | C19: =IF(A19="","",A19&" "&B19) | D19: BE
B20: US Equity | C20: =IF(A20="","",A20&" "&B20) | D20: BL
B21: US Equity | C21: =IF(A21="","",A21&" "&B21) | D21: BS
B22: US Equity | C22: =IF(A22="","",A22&" "&B22) | D22: BZ
B23: US Equity | C23: =IF(A23="","",A23&" "&B23) | D23: CG
B24: US Equity | C24: =IF(A24="","",A24&" "&B24) | D24: CN
B25: US Equity | C25: =IF(A25="","",A25&" "&B25) | D25: CU
... B40: US Equity | C40: =IF(A40="","",A40&" "&B40) | D40: GV

Sheet Data
A1: =Inputs!$C$11 | H1: =Inputs!$C$12 | O1: =Inputs!$C$13 | V1: =Inputs!$C$14 | AC1: =Inputs!$C$15 | AJ1: =Inputs!$C$16 | AQ1: =Inputs!$C$17 | AX1: =Inputs!$C$18 | BE1: =Inputs!$C$19 | BL1: =Inputs!$C$20 | BS1: =Inputs!$C$21 | BZ1: =Inputs!$C$22 | CG1: =Inputs!$C$23 | CN1: =Inputs!$C$24 | CU1: =Inputs!$C$25 | DB1: =Inputs!$C$26 | DI1: =Inputs!$C$27 | DP1: =Inputs!$C$28 | DW1: =Inputs!$C$29 | ED1: =Inputs!$C$30 | EK1: =Inputs!$C$31 | ER1: =Inputs!$C$32 | EY1: =Inputs!$C$33 | FF1: =Inputs!$C$34 | FM1: =Inputs!$C$35 | FT1: =Inputs!$C$36 | GA1: =Inputs!$C$37 | GH1: =Inputs!$C$38 | GO1: =Inputs!$C$39 | GV1: =Inputs!$C$40
A2: Date | B2: =Inputs!B$6 | C2: =Inputs!C$6 | D2: =Inputs!D$6 | E2: =Inputs!E$6 | F2: =Inputs!F$6 | H2: Date | I2: =Inputs!B$6 | J2: =Inputs!C$6 | K2: =Inputs!D$6 | L2: =Inputs!E$6 | M2: =Inputs!F$6 | O2: Date | P2: =Inputs!B$6 | Q2: =Inputs!C$6 | R2: =Inputs!D$6 | S2: =Inputs!E$6 | T2: =Inputs!F$6 | V2: Date | W2: =Inputs!B$6 | X2: =Inputs!C$6 | Y2: =Inputs!D$6 | Z2: =Inputs!E$6 | AA2: =Inputs!F$6 | AC2: Date | AD2: =Inputs!B$6 | AE2: =Inputs!C$6 | AF2: =Inputs!D$6 | AG2: =Inputs!E$6 | AH2: =Inputs!F$6 | AJ2: Date | AK2: =Inputs!B$6 | AL2: =Inputs!C$6 | AM2: =Inputs!D$6 | AN2: =Inputs!E$6 | AO2: =Inputs!F$6 | AQ2: Date | AR2: =Inputs!B$6 | AS2: =Inputs!C$6 | AT2: =Inputs!D$6 | AU2: =Inputs!E$6 | AV2: =Inputs!F$6 | AX2: Date | AY2: =Inputs!B$6 | AZ2: =Inputs!C$6 | BA2: =Inputs!D$6 | BB2: =Inputs!E$6 | BC2: =Inputs!F$6 | BE2: Date | BF2: =Inputs!B$6 | BG2: =Inputs!C$6 | BH2: =Inputs!D$6 | BI2: =Inputs!E$6 | BJ2: =Inputs!F$6 | BL2: Date | BM2: =Inputs!B$6 | BN2: =Inputs!C$6 | BO2: =Inputs!D$6 | BP2: =Inputs!E$6 | BQ2: =Inputs!F$6 | BS2: Date | BT2: =Inputs!B$6 | BU2: =Inputs!C$6 | BV2: =Inputs!D$6 | BW2: =Inputs!E$6 | BX2: =Inputs!F$6 | BZ2: Date | CA2: =Inputs!B$6 | CB2: =Inputs!C$6 | CC2: =Inputs!D$6 | CD2: =Inputs!E$6 | CE2: =Inputs!F$6 | CG2: Date | CH2: =Inputs!B$6 | CI2: =Inputs!C$6 | CJ2: =Inputs!D$6 | CK2: =Inputs!E$6 | CL2: =Inputs!F$6 | CN2: Date | CO2: =Inputs!B$6 | CP2: =Inputs!C$6 | CQ2: =Inputs!D$6 | CR2: =Inputs!E$6 | CS2: =Inputs!F$6 | CU2: Date | CV2: =Inputs!B$6 | CW2: =Inputs!C$6 | CX2: =Inputs!D$6 | CY2: =Inputs!E$6 | CZ2: =Inputs!F$6 | DB2: Date | DC2: =Inputs!B$6 | DD2: =Inputs!C$6 | DE2: =Inputs!D$6 | DF2: =Inputs!E$6 | DG2: =Inputs!F$6 | DI2: Date | DJ2: =Inputs!B$6 | DK2: =Inputs!C$6 | DL2: =Inputs!D$6 | DM2: =Inputs!E$6 | DN2: =Inputs!F$6 | DP2: Date | DQ2: =Inputs!B$6 | DR2: =Inputs!C$6 | DS2: =Inputs!D$6 | DT2: =Inputs!E$6 | DU2: =Inputs!F$6 | DW2: Date | DX2: =Inputs!B$6 | DY2: =Inputs!C$6 | DZ2: =Inputs!D$6 | EA2: =Inputs!E$6 | EB2: =Inputs!F$6 | ED2: Date | EE2: =Inputs!B$6 | EF2: =Inputs!C$6 | EG2: =Inputs!D$6 | EH2: =Inputs!E$6 | EI2: =Inputs!F$6 | EK2: Date | EL2: =Inputs!B$6 | EM2: =Inputs!C$6 | EN2: =Inputs!D$6 | EO2: =Inputs!E$6 | EP2: =Inputs!F$6 | ER2: Date | ES2: =Inputs!B$6 | ET2: =Inputs!C$6 | EU2: =Inputs!D$6 | EV2: =Inputs!E$6 | EW2: =Inputs!F$6 | EY2: Date | EZ2: =Inputs!B$6 | FA2: =Inputs!C$6 | FB2: =Inputs!D$6 | FC2: =Inputs!E$6 | FD2: =Inputs!F$6 | FF2: Date | FG2: =Inputs!B$6 | FH2: =Inputs!C$6 | FI2: =Inputs!D$6 | FJ2: =Inputs!E$6 | FK2: =Inputs!F$6 | FM2: Date | FN2: =Inputs!B$6 | FO2: =Inputs!C$6 | FP2: =Inputs!D$6 | FQ2: =Inputs!E$6 | FR2: =Inputs!F$6 | FT2: Date | FU2: =Inputs!B$6 | FV2: =Inputs!C$6 | FW2: =Inputs!D$6 | FX2: =Inputs!E$6 | FY2: =Inputs!F$6 | GA2: Date | GB2: =Inputs!B$6 | GC2: =Inputs!C$6 | GD2: =Inputs!D$6 | GE2: =Inputs!E$6 | GF2: =Inputs!F$6 | GH2: Date | GI2: =Inputs!B$6 | GJ2: =Inputs!C$6 | GK2: =Inputs!D$6 | GL2: =Inputs!E$6 | GM2: =Inputs!F$6 | GO2: Date | GP2: =Inputs!B$6 | GQ2: =Inputs!C$6 | GR2: =Inputs!D$6 | GS2: =Inputs!E$6 | GT2: =Inputs!F$6 | GV2: Date | GW2: =Inputs!B$6 | GX2: =Inputs!C$6 | GY2: =Inputs!D$6 | GZ2: =Inputs!E$6 | HA2: =Inputs!F$6
A3: =IF(Inputs!$C$11="","",BDH(Inputs!$C$11,Inputs!$B$6:$F$6,Inputs!$B$3,IF(Inputs!$B$4="","",Inputs!$B$4),"Dir=V","Days=T","Fill=P")) | H3: =IF(Inputs!$C$12="","",BDH(Inputs!$C$12,Inputs!$B$6:$F$6,Inputs!$B$3,IF(Inputs!$B$4="","",Inputs!$B$4),"Dir=V","Days=T","Fill=P")) | O3: =IF(Inputs!$C$13="","",BDH(Inputs!$C$13,Inputs!$B$6:$F$6,Inputs!$B$3,IF(Inputs!$B$4="","",Inputs!$B$4),"Dir=V","Days=T","Fill=P")) | V3: =IF(Inputs!$C$14="","",BDH(Inputs!$C$14,Inputs!$B$6:$F$6,Inputs!$B$3,IF(Inputs!$B$4="","",Inputs!$B$4),"Dir=V","Days=T","Fill=P")) | AC3: =IF(Inputs!$C$15="","",BDH(Inputs!$C$15,Inputs!$B$6:$F$6,Inputs!$B$3,IF(Inputs!$B$4="","",Inputs!$B$4),"Dir=V","Days=T","Fill=P")) | AJ3: =IF(Inputs!$C$16="","",BDH(Inputs!$C$16,Inputs!$B$6:$F$6,Inputs!$B$3,IF(Inputs!$B$4="","",Inputs!$B$4),"Dir=V","Days=T","Fill=P")) | AQ3: =IF(Inputs!$C$17="","",BDH(Inputs!$C$17,Inputs!$B$6:$F$6,Inputs!$B$3,IF(Inputs!$B$4="","",Inputs!$B$4),"Dir=V","Days=T","Fill=P")) | AX3: =IF(Inputs!$C$18="","",BDH(Inputs!$C$18,Inputs!$B$6:$F$6,Inputs!$B$3,IF(Inputs!$B$4="","",Inputs!$B$4),"Dir=V","Days=T","Fill=P")) | BE3: =IF(Inputs!$C$19="","",BDH(Inputs!$C$19,Inputs!$B$6:$F$6,Inputs!$B$3,IF(Inputs!$B$4="","",Inputs!$B$4),"Dir=V","Days=T","Fill=P")) | BL3: =IF(Inputs!$C$20="","",BDH(Inputs!$C$20,Inputs!$B$6:$F$6,Inputs!$B$3,IF(Inputs!$B$4="","",Inputs!$B$4),"Dir=V","Days=T","Fill=P")) | BS3: =IF(Inputs!$C$21="","",BDH(Inputs!$C$21,Inputs!$B$6:$F$6,Inputs!$B$3,IF(Inputs!$B$4="","",Inputs!$B$4),"Dir=V","Days=T","Fill=P")) | BZ3: =IF(Inputs!$C$22="","",BDH(Inputs!$C$22,Inputs!$B$6:$F$6,Inputs!$B$3,IF(Inputs!$B$4="","",Inputs!$B$4),"Dir=V","Days=T","Fill=P")) | CG3: =IF(Inputs!$C$23="","",BDH(Inputs!$C$23,Inputs!$B$6:$F$6,Inputs!$B$3,IF(Inputs!$B$4="","",Inputs!$B$4),"Dir=V","Days=T","Fill=P")) | CN3: =IF(Inputs!$C$24="","",BDH(Inputs!$C$24,Inputs!$B$6:$F$6,Inputs!$B$3,IF(Inputs!$B$4="","",Inputs!$B$4),"Dir=V","Days=T","Fill=P")) | CU3: =IF(Inputs!$C$25="","",BDH(Inputs!$C$25,Inputs!$B$6:$F$6,Inputs!$B$3,IF(Inputs!$B$4="","",Inputs!$B$4),"Dir=V","Days=T","Fill=P")) | DB3: =IF(Inputs!$C$26="","",BDH(Inputs!$C$26,Inputs!$B$6:$F$6,Inputs!$B$3,IF(Inputs!$B$4="","",Inputs!$B$4),"Dir=V","Days=T","Fill=P")) | DI3: =IF(Inputs!$C$27="","",BDH(Inputs!$C$27,Inputs!$B$6:$F$6,Inputs!$B$3,IF(Inputs!$B$4="","",Inputs!$B$4),"Dir=V","Days=T","Fill=P")) | DP3: =IF(Inputs!$C$28="","",BDH(Inputs!$C$28,Inputs!$B$6:$F$6,Inputs!$B$3,IF(Inputs!$B$4="","",Inputs!$B$4),"Dir=V","Days=T","Fill=P")) | DW3: =IF(Inputs!$C$29="","",BDH(Inputs!$C$29,Inputs!$B$6:$F$6,Inputs!$B$3,IF(Inputs!$B$4="","",Inputs!$B$4),"Dir=V","Days=T","Fill=P")) | ED3: =IF(Inputs!$C$30="","",BDH(Inputs!$C$30,Inputs!$B$6:$F$6,Inputs!$B$3,IF(Inputs!$B$4="","",Inputs!$B$4),"Dir=V","Days=T","Fill=P")) | EK3: =IF(Inputs!$C$31="","",BDH(Inputs!$C$31,Inputs!$B$6:$F$6,Inputs!$B$3,IF(Inputs!$B$4="","",Inputs!$B$4),"Dir=V","Days=T","Fill=P")) | ER3: =IF(Inputs!$C$32="","",BDH(Inputs!$C$32,Inputs!$B$6:$F$6,Inputs!$B$3,IF(Inputs!$B$4="","",Inputs!$B$4),"Dir=V","Days=T","Fill=P")) | EY3: =IF(Inputs!$C$33="","",BDH(Inputs!$C$33,Inputs!$B$6:$F$6,Inputs!$B$3,IF(Inputs!$B$4="","",Inputs!$B$4),"Dir=V","Days=T","Fill=P")) | FF3: =IF(Inputs!$C$34="","",BDH(Inputs!$C$34,Inputs!$B$6:$F$6,Inputs!$B$3,IF(Inputs!$B$4="","",Inputs!$B$4),"Dir=V","Days=T","Fill=P")) | FM3: =IF(Inputs!$C$35="","",BDH(Inputs!$C$35,Inputs!$B$6:$F$6,Inputs!$B$3,IF(Inputs!$B$4="","",Inputs!$B$4),"Dir=V","Days=T","Fill=P")) | FT3: =IF(Inputs!$C$36="","",BDH(Inputs!$C$36,Inputs!$B$6:$F$6,Inputs!$B$3,IF(Inputs!$B$4="","",Inputs!$B$4),"Dir=V","Days=T","Fill=P")) | GA3: =IF(Inputs!$C$37="","",BDH(Inputs!$C$37,Inputs!$B$6:$F$6,Inputs!$B$3,IF(Inputs!$B$4="","",Inputs!$B$4),"Dir=V","Days=T","Fill=P")) | GH3: =IF(Inputs!$C$38="","",BDH(Inputs!$C$38,Inputs!$B$6:$F$6,Inputs!$B$3,IF(Inputs!$B$4="","",Inputs!$B$4),"Dir=V","Days=T","Fill=P")) | GO3: =IF(Inputs!$C$39="","",BDH(Inputs!$C$39,Inputs!$B$6:$F$6,Inputs!$B$3,IF(Inputs!$B$4="","",Inputs!$B$4),"Dir=V","Days=T","Fill=P")) | GV3: =IF(Inputs!$C$40="","",BDH(Inputs!$C$40,Inputs!$B$6:$F$6,Inputs!$B$3,IF(Inputs!$B$4="","",Inputs!$B$4),"Dir=V","Days=T","Fill=P"))

Sheet Fields
A1: Field | B1: What it is
A2: PX_LAST | B2: Last price
A3: VOLATILITY_30D | B3: 30-day realized (historical) vol, in % points
A4: 30DAY_IMPVOL_100.0%MNY_DF | B4: 30-day at-the-money implied vol, in % points
A5: 3MTH_IMPVOL_100.0%MNY_DF | B5: 3-month at-the-money implied vol, in % points
A6: 1M_PUT_IMP_VOL_25DELTA_DFLT | B6: 1-month 25-delta put implied vol (skew), in % points
A8: Notes
A9: Field names come from Bloomberg user forums; confirm each in FLDS <GO> before backtesting.
A10: Vol fields are in percentage points (25 = 25%). Divide by 100 before comparing to decimals.
A11: BDH options: Dir=V (dates down), Days=T (trading days), Fill=P (carry last value over gaps).
A12: If a block stays blank after refresh, remove the IF( wrapper so the cell is just =BDH(...).
